#{"t_start": 1675763929.4066982, "env_id": "CarRacing-v0"}
r,l,t
-72.508591,1000,26.291508
-59.752322,1000,54.798521
-25.324675,1000,85.289856
-12.587413,1000,115.168705
-24.342105,1000,144.174974
-28.571429,1000,173.56758
-25.566343,1000,257.954622
-27.21519,1000,286.273512
-37.125749,1000,315.889221
-34.911243,1000,345.57653
-27.899687,1000,374.431644
-13.978495,1000,403.410604
-30.513595,1000,489.396592
-5.537459,1000,520.060989
-12.878788,1000,549.80946
-23.076923,1000,579.276968
47.058824,1000,608.060331
-21.708185,1000,638.674778
24.55516,1000,724.054188
-15.254237,1000,754.167225
-31.407942,1000,784.080501
-25.566343,1000,813.011135
-22.155689,1000,842.148184
-15.824916,1000,872.602575
-20.265781,1000,902.200362
-20.415225,1000,990.023026
189.75265,1000,1019.093911
-31.818182,1000,1048.477132
76.923077,1000,1078.083282
-25.373134,1000,1108.360249
-31.464174,1000,1135.543376
-28.774929,1000,1204.073805
-16.666667,1000,1226.287507
-27.113703,1000,1247.879838
-5.797101,1000,1269.096414
-18.644068,1000,1290.959359
-12.0,1000,1312.533572
-37.931034,1000,1377.929996
-27.21519,1000,1399.356076
-21.768707,1000,1421.990263
-14.383562,1000,1443.550691
-13.857678,1000,1465.263532
-16.967509,1000,1483.663431
-30.722892,1000,1550.234106
-21.568627,1000,1572.261595
-36.046512,1000,1593.232527
214.754098,1000,1615.533516
-25.423729,1000,1637.181701
220.895522,1000,1658.369262
-22.297297,1000,1680.855151
-22.360248,1000,1746.09035
354.873646,1000,1767.600983
-20.138889,1000,1789.699478
244.370861,1000,1810.444844
232.03125,1000,1831.428006
33.779264,1000,1852.983941
-21.768707,1000,1918.34496
53.374233,1000,1938.478061
-18.215613,1000,1960.534003
329.62963,1000,1982.278247
-16.083916,1000,2004.07254
335.215947,1000,2026.597419
46.520147,1000,2094.324302
-26.829268,1000,2115.581361
164.984227,1000,2138.308032
223.843416,1000,2160.859118
-12.587413,1000,2182.286617
-20.245399,1000,2203.452394
292.45283,1000,2268.558967
-14.473684,1000,2289.238902
145.847176,1000,2309.930158
113.286713,1000,2330.77274
211.355311,1000,2351.086536
59.16955,1000,2372.340517
193.918919,1000,2393.711787
314.285714,1000,2461.047396
10.032362,1000,2482.31575
134.567901,1000,2504.198375
396.268657,1000,2524.910443
46.067416,1000,2546.325759
267.857143,1000,2567.704684
264.620939,1000,2631.565796
73.010381,1000,2652.217327
72.413793,1000,2674.288211
173.291925,1000,2695.265907
682.442748,1000,2712.853384
304.109589,1000,2733.6871
142.105263,1000,2796.908383
38.408304,1000,2816.277366
524.06015,1000,2836.36845
65.384615,1000,2858.318429
91.176471,1000,2879.745904
449.815498,1000,2901.100593
551.515152,1000,2966.077816
375.570033,1000,2987.194518
8.626198,1000,3007.287004
177.777778,1000,3028.479765
27.45098,1000,3049.520388
35.734072,1000,3070.234027
213.479624,1000,3091.959386
255.263158,1000,3157.373917
-28.571429,1000,3178.076669
258.974359,1000,3199.253734
97.640118,1000,3220.612489
38.461538,1000,3240.184893
38.339921,1000,3260.951993
23.674912,1000,3327.25272
37.931034,1000,3348.779416
358.860759,1000,3370.203034
566.666667,1000,3391.828543
-29.765886,1000,3413.020458
594.339623,1000,3434.57147
438.709677,1000,3500.423363
189.389068,1000,3520.55574
221.543408,1000,3542.482494
110.191083,1000,3562.49839
68.776371,1000,3582.141245
-21.428571,1000,3602.757966
118.934911,1000,3668.133408
200.699301,1000,3689.036605
206.338028,1000,3711.63556
334.343434,1000,3733.06741
380.968858,1000,3754.105873
-13.49481,1000,3775.828488
129.72973,1000,3796.911248
203.030303,1000,3860.658515
46.258503,1000,3880.754066
67.286245,1000,3898.299065
180.528053,1000,3918.863423
285.826772,1000,3939.807034
-35.185185,1000,3960.685618
41.342756,1000,4026.032709
226.315789,1000,4047.380722
33.561644,1000,4068.55217
147.734139,1000,4089.982874
-27.835052,1000,4110.21102
179.72028,1000,4131.188575
64.233577,1000,4198.968255
226.666667,1000,4221.038212
-37.888199,1000,4241.881174
207.971014,1000,4263.880425
-75.524476,1000,4285.249457
211.47541,1000,4306.236629
528.0,1000,4374.497903
-29.765886,1000,4396.631497
679.116466,1000,4417.104547
403.125,1000,4438.288324
415.050167,1000,4459.428459
247.540984,1000,4479.693508
131.927711,1000,4500.988711
642.307692,1000,4564.973006
191.512915,1000,4585.488394
190.140845,1000,4606.580572
247.985348,1000,4628.641299
170.462633,1000,4649.628012
524.489796,1000,4670.924418
-26.910299,1000,4736.014618
134.693878,1000,4757.063751
258.156028,1000,4777.586211
187.162162,1000,4798.717078
543.636364,1000,4818.726653
-36.170213,1000,4839.768512
484.558824,1000,4903.66382
-30.313589,1000,4924.665959
-40.0,1000,4944.620209
-37.5,1000,4966.223398
-13.207547,1000,4987.556
-20.529801,1000,5007.764749
222.807018,1000,5073.807021
-13.857678,1000,5095.636793
-10.447761,1000,5113.034557
-23.333333,1000,5133.235018
272.693727,1000,5155.587084
-28.813559,1000,5177.894869
41.263941,1000,5198.550628
-17.857143,1000,5261.481261
434.798535,1000,5281.893062
63.822526,1000,5302.935655
57.142857,1000,5324.364336
54.605263,1000,5345.619683
150.0,1000,5365.428139
174.647887,1000,5428.300042
79.930796,1000,5449.44483
235.504886,1000,5469.541796
193.159609,1000,5489.64499
-18.831169,1000,5512.065731
423.972603,1000,5534.418557
235.664336,1000,5603.151927
181.553398,1000,5625.836007
203.249097,1000,5647.307236
54.411765,1000,5667.297898
64.948454,1000,5688.526776
274.015748,1000,5710.735364
151.677852,1000,5776.747739
210.344828,1000,5797.912824
237.423313,1000,5819.492789
479.335793,1000,5838.87889
354.545455,1000,5858.862682
160.07326,1000,5879.542948
52.610442,1000,5899.281275
40.127389,1000,5962.073956
224.561404,1000,5983.272438
149.249249,1000,6003.196002
220.945946,1000,6023.245978
190.519878,1000,6045.428705
362.006079,1000,6066.261833
146.105919,1000,6128.507075
43.396226,1000,6148.237122
338.848921,1000,6167.426892
60.0,1000,6187.022651
385.074627,1000,6206.446986
165.625,1000,6225.678415
270.748299,1000,6286.286006
63.194444,1000,6303.126489
309.252669,1000,6322.550017
234.47099,1000,6342.050425
116.374269,1000,6361.842382
366.666667,1000,6381.190842
324.460432,1000,6442.861065
232.20339,1000,6462.845114
238.078292,1000,6482.056103
246.715328,1000,6501.953486
282.25256,1000,6521.659554
19.71831,1000,6540.749792
248.920863,1000,6560.147173
211.47541,1000,6621.350597
-28.813559,1000,6640.252609
-32.748538,1000,6660.396449
439.419087,1000,6679.549951
203.630363,1000,6698.836698
336.567164,1000,6718.785275
59.744409,1000,6780.279584
174.509804,1000,6799.746746
157.525084,1000,6819.604833
260.594796,1000,6838.675373
-26.751592,1000,6858.00089
518.705036,1000,6877.999963
213.58885,1000,6939.161656
202.931596,1000,6959.066623
245.890411,1000,6978.971508
238.607595,1000,6998.319217
34.057971,1000,7017.846711
180.0,1000,7037.298015
47.859922,1000,7098.301522
235.640138,1000,7118.653522
329.577465,1000,7137.667688
244.827586,1000,7157.28831
477.04918,1000,7177.027101
280.794702,1000,7196.133254
-23.344948,1000,7215.669757
65.441176,1000,7276.818878
56.862745,1000,7295.783213
163.69863,1000,7315.355236
509.195402,1000,7335.317467
277.622378,1000,7355.318802
110.743802,1000,7372.634438
44.876325,1000,7435.555418
307.272727,1000,7454.919534
286.524823,1000,7474.790994
407.042254,1000,7494.363078
-15.129151,1000,7513.278399
-20.689655,1000,7532.260615
-9.090909,1000,7594.667683
212.714777,1000,7613.554935
130.283912,1000,7633.740965
315.770609,1000,7653.532773
228.519856,1000,7672.952889
199.363057,1000,7693.44882
215.151515,1000,7755.359284
501.503759,1000,7774.442169
246.289753,1000,7794.47664
322.939068,1000,7814.05156
343.333333,1000,7834.02215
445.454545,1000,7853.998808
60.655738,1000,7873.375584
45.522388,1000,7934.861704
49.425287,1000,7954.487096
40.672783,1000,7973.907466
155.319149,1000,7994.050505
280.622837,1000,8013.618688
171.428571,1000,8033.072269
24.567474,1000,8094.883548
40.84507,1000,8114.864222
348.905109,1000,8134.197169
319.243986,1000,8154.471063
70.542636,1000,8173.698665
40.625,1000,8192.552706
22.222222,1000,8254.419414
199.674267,1000,8274.021771
285.85209,1000,8293.644403
-36.231884,1000,8313.637783
-28.338762,1000,8332.919023
271.929825,1000,8352.235101
-25.0,1000,8414.388452
-16.083916,1000,8434.299471
215.972222,1000,8454.607535
-12.903226,1000,8474.626062
301.960784,1000,8494.746618
260.501567,1000,8512.394246
73.285199,1000,8532.819376
32.404181,1000,8595.318473
445.762712,1000,8614.988298
251.535836,1000,8635.133831
-8.424908,1000,8654.64505
161.306533,1000,8675.570066
244.615385,1000,8694.707624
416.129032,1000,8757.189047
255.555556,1000,8777.005715
47.482014,1000,8796.915037
298.523985,1000,8816.739223
257.859532,1000,8837.014308
-27.586207,1000,8856.04978
490.57971,1000,8918.658869
265.313653,1000,8938.508652
233.333333,1000,8957.88776
196.296296,1000,8977.765787
23.636364,1000,8997.373672
260.0,1000,9016.643709
343.708609,1000,9079.269466
287.62215,1000,9099.948582
250.16835,1000,9119.599073
242.560554,1000,9139.922466
278.600823,1000,9159.623209
249.693252,1000,9179.641034
49.812734,1000,9200.399783
294.039735,1000,9264.368634
210.030395,1000,9285.036969
33.116883,1000,9305.160362
276.666667,1000,9324.63211
290.070922,1000,9344.713061
204.843305,1000,9364.579056
263.924051,1000,9428.504496
182.420749,1000,9449.081936
181.879195,1000,9468.995861
215.217391,1000,9489.090491
324.657534,1000,9509.232852
112.389381,1000,9529.132456
51.815182,1000,9591.692122
57.342657,1000,9611.907149
282.352941,1000,9631.55955
289.285714,1000,9652.542371
226.984127,1000,9669.704142
191.907514,1000,9689.688716
242.857143,1000,9752.755317
204.347826,1000,9772.758688
183.464567,1000,9792.671414
67.272727,1000,9814.313333
367.625899,1000,9834.269936
249.809886,1000,9854.705483
218.452381,1000,9875.645233
144.047619,1000,9940.736433
291.447368,1000,9961.042453
285.714286,1000,9980.529952
226.086957,1000,10000.852411
48.409894,1000,10022.452826
180.701754,1000,10045.932383
209.278351,1000,10120.738405
244.322344,1000,10141.269724
213.531353,1000,10160.770832
199.703264,1000,10181.410321
349.640288,1000,10201.489291
266.037736,1000,10221.990904
168.211921,1000,10286.389088
322.680412,1000,10306.862566
284.353741,1000,10327.121426
146.575342,1000,10347.826953
284.10596,1000,10367.173193
216.901408,1000,10387.209171
126.11465,1000,10451.084934
61.172161,1000,10471.361577
198.412698,1000,10492.444521
204.794521,1000,10513.0206
44.444444,1000,10533.366937
174.193548,1000,10554.274828
66.077739,1000,10574.730953
46.616541,1000,10640.775449
159.74026,1000,10663.093128
191.22807,1000,10684.038763
141.830065,1000,10705.245699
250.0,1000,10726.945088
336.090226,1000,10747.622296
247.826087,1000,10813.890951
86.619718,1000,10835.058454
225.423729,1000,10852.739584
154.901961,1000,10874.541884
181.25,1000,10895.568993
72.284644,1000,10916.141283
278.277154,1000,10982.964324
223.899371,1000,11003.597663
-17.460317,1000,11025.499552
168.987342,1000,11046.739056
151.445087,1000,11068.326688
27.659574,1000,11089.668928
332.525952,1000,11157.995876
171.812081,1000,11179.21103
357.446809,1000,11200.333971
60.493827,1000,11221.132016
71.232877,1000,11242.046978
223.193916,1000,11263.874204
209.027778,1000,11284.85949
66.666667,1000,11352.274685
64.750958,1000,11373.247834
166.853933,1000,11394.907508
124.783862,1000,11417.136132
50.501672,1000,11437.570606
219.444444,1000,11458.425088
169.784173,1000,11525.939773
253.159851,1000,11548.287994
52.777778,1000,11570.200536
108.754209,1000,11591.680626
177.777778,1000,11613.257694
256.617647,1000,11634.778936
50.819672,1000,11701.144314
175.167785,1000,11722.892612
76.029963,1000,11744.009455
214.754098,1000,11765.084596
173.311897,1000,11787.33662
178.350515,1000,11809.490309
186.206897,1000,11878.387479
160.714286,1000,11900.35509
244.594595,1000,11922.148642
143.40176,1000,11943.44928
218.84058,1000,11964.993637
50.470219,1000,11986.902863
48.0,1000,12009.034791
312.587413,1000,12076.482512
180.141844,1000,12094.994689
191.803279,1000,12117.000133
256.401384,1000,12138.579223
228.813559,1000,12159.477298
269.863014,1000,12180.965505
205.369128,1000,12249.967267
169.592476,1000,12272.00552
235.365854,1000,12293.645346
46.953405,1000,12314.21757
168.292683,1000,12335.885606
182.894737,1000,12356.835613
210.606061,1000,12423.739763
227.205882,1000,12446.715342
163.888889,1000,12468.194941
252.159468,1000,12490.924475
233.333333,1000,12513.44068
25.874126,1000,12535.483654
235.664336,1000,12608.968758
146.153846,1000,12630.747793
442.955326,1000,12651.662277
297.683398,1000,12673.115273
210.457516,1000,12694.646585
196.167247,1000,12718.46676
202.405498,1000,12747.065834
128.873239,1000,12812.91993
176.666667,1000,12834.327193
188.961039,1000,12855.997314
313.559322,1000,12877.70706
224.159021,1000,12899.875418
119.78022,1000,12921.684767
164.516129,1000,12989.500485
210.10453,1000,13011.179394
-10.505837,1000,13032.313907
96.581197,1000,13053.965426
309.937888,1000,13074.869321
276.712329,1000,13096.590782
69.611307,1000,13165.432997
152.252252,1000,13186.280662
258.156028,1000,13208.7033
239.222615,1000,13229.462263
34.545455,1000,13250.65011
211.036789,1000,13271.77364
213.099042,1000,13339.382338
53.061224,1000,13357.52548
-12.698413,1000,13378.91253
173.722628,1000,13399.277139
17.216117,1000,13420.50353
286.363636,1000,13442.055998
144.582043,1000,13463.368879
214.285714,1000,13530.217534
-25.081433,1000,13551.92473
182.828283,1000,13573.875256
247.169811,1000,13595.493933
11.801242,1000,13617.18505
373.867596,1000,13639.96184
136.245955,1000,13707.191759
44.827586,1000,13727.872176
-16.129032,1000,13749.71701
222.916667,1000,13771.062896
265.517241,1000,13792.346858
145.098039,1000,13814.367391
189.036545,1000,13880.75759
226.283988,1000,13902.122682
194.339623,1000,13923.444073
-19.191919,1000,13944.805284
-15.750916,1000,13966.832027
-17.857143,1000,13987.931464
203.370787,1000,14055.57951
285.159011,1000,14077.532622
-29.487179,1000,14098.627298
-29.054054,1000,14120.133114
188.256228,1000,14141.276436
-23.611111,1000,14162.164645
22.743682,1000,14183.981752
179.365079,1000,14252.208853
14.285714,1000,14273.456232
-26.666667,1000,14295.830998
161.980831,1000,14316.603747
-25.675676,1000,14338.00223
177.419355,1000,14358.710012
205.970149,1000,14424.857995
275.0,1000,14446.423284
267.816092,1000,14466.841092
207.692308,1000,14488.575232
184.789644,1000,14510.025411
55.709343,1000,14527.320199
22.44898,1000,14593.568167
200.675676,1000,14615.279096
240.136054,1000,14635.992645
152.595156,1000,14657.967336
204.216867,1000,14678.948256
235.59322,1000,14699.508323
79.054054,1000,14767.155522
153.333333,1000,14788.340843
163.975155,1000,14809.652371
51.376147,1000,14830.812108
240.350877,1000,14852.151969
174.566474,1000,14875.427656
319.847328,1000,14896.549705
220.557491,1000,14971.097672
55.339806,1000,14993.014731
1.796407,1000,15014.511183
173.291925,1000,15036.400501
8.391608,1000,15058.102849
81.034483,1000,15079.13264
132.044199,1000,15147.010549
34.099617,1000,15168.75536
154.83871,1000,15190.004263
241.389728,1000,15212.023493
127.118644,1000,15233.450795
72.18543,1000,15254.774726
170.358306,1000,15323.092998
18.421053,1000,15344.191893
191.666667,1000,15366.330526
41.914191,1000,15387.666359
239.483395,1000,15409.434466
271.841155,1000,15432.723851
184.210526,1000,15500.602664
350.704225,1000,15522.236649
225.878594,1000,15544.075441
-17.431193,1000,15564.964202
153.378378,1000,15586.380937
26.760563,1000,15607.566645
57.894737,1000,15628.075054
228.671329,1000,15695.435045
299.253731,1000,15716.096187
204.195804,1000,15737.634456
58.273381,1000,15759.487957
312.21374,1000,15777.63574
162.345679,1000,15798.458684
217.725753,1000,15867.387603
155.591054,1000,15888.359523
252.059925,1000,15910.455125
288.888889,1000,15932.488617
35.231317,1000,15953.566398
68.582375,1000,15974.928102
305.737705,1000,16042.731387
244.512195,1000,16063.930928
293.728223,1000,16085.630346
77.489177,1000,16107.503759
-25.0,1000,16129.327714
219.488818,1000,16151.243335
228.719723,1000,16218.420918
89.591078,1000,16240.320638
162.458472,1000,16263.814038
159.385666,1000,16285.23497
189.655172,1000,16306.958322
246.863469,1000,16328.093287
165.780731,1000,16349.842337
292.405063,1000,16419.370106
-31.428571,1000,16440.511393
64.122137,1000,16462.609893
232.335329,1000,16484.66442
320.875421,1000,16505.888028
257.894737,1000,16528.07151
230.935252,1000,16596.823587
57.377049,1000,16618.785224
200.353357,1000,16640.483668
219.587629,1000,16661.500359
143.816254,1000,16683.944808
264.285714,1000,16705.33702
217.241379,1000,16774.097985
300.735294,1000,16796.925819
-29.71246,1000,16818.127327
174.021352,1000,16838.987683
160.869565,1000,16863.833476
201.003344,1000,16885.719126
238.028169,1000,16954.94434
-27.444795,1000,16976.822264
121.264368,1000,16998.702261
190.322581,1000,17020.638125
260.544218,1000,17039.240537
213.993174,1000,17060.701622
55.339806,1000,17082.636545
-28.082192,1000,17152.730827
227.464789,1000,17174.703759
235.616438,1000,17196.526615
219.298246,1000,17218.629081
208.880309,1000,17240.091566
72.413793,1000,17262.465287
313.127413,1000,17332.045403
207.692308,1000,17354.89223
-6.25,1000,17377.230992
46.757679,1000,17398.839676
288.513514,1000,17421.526798
-19.847328,1000,17443.06969
47.766323,1000,17512.432647
174.576271,1000,17534.662326
57.676349,1000,17555.176057
253.571429,1000,17576.297995
172.401434,1000,17598.883226
192.517007,1000,17620.406232
234.47099,1000,17689.490619
15.015974,1000,17711.788476
300.696864,1000,17733.903027
244.202899,1000,17755.675123
271.024735,1000,17777.283751
208.77193,1000,17804.054468
227.272727,1000,17826.641015
-15.708812,1000,17894.44043
331.034483,1000,17916.393861
-25.531915,1000,17938.315552
184.900285,1000,17959.749619
349.814126,1000,17982.592484
41.791045,1000,18003.671351
176.315789,1000,18072.460446
-28.79257,1000,18094.570834
297.260274,1000,18116.015725
214.189189,1000,18137.278897
41.935484,1000,18157.791998
84.397163,1000,18178.160192
165.175719,1000,18242.346269
235.849057,1000,18262.65331
200.653595,1000,18279.960949
289.891697,1000,18301.223156
91.881919,1000,18321.581887
192.682927,1000,18342.631287
200.0,1000,18405.489221
160.869565,1000,18425.342131
203.571429,1000,18445.41429
180.30303,1000,18465.64853
192.358804,1000,18485.833877
116.374269,1000,18506.488989
160.416667,1000,18526.891917
77.121771,1000,18591.029888
189.115646,1000,18612.014058
118.461538,1000,18632.609805
204.635762,1000,18653.596584
136.024845,1000,18674.506107
12.318841,1000,18695.159568
234.545455,1000,18758.77711
220.689655,1000,18778.61996
262.711864,1000,18798.542772
228.173375,1000,18818.839436
307.843137,1000,18838.561805
60.15625,1000,18859.342521
201.639344,1000,18924.963387
206.666667,1000,18944.809408
51.785714,1000,18965.508764
219.548872,1000,18985.170793
207.692308,1000,19004.445742
167.326733,1000,19024.459465
293.939394,1000,19086.970376
246.801347,1000,19106.623502
214.935065,1000,19127.685294
144.827586,1000,19148.347951
11.111111,1000,19169.266678
167.326733,1000,19189.335825
75.62724,1000,19210.343935
202.013423,1000,19274.638247
122.929936,1000,19295.25705
66.134185,1000,19314.98788
153.125,1000,19335.543784
-27.33564,1000,19354.741279
273.584906,1000,19374.521111
263.013699,1000,19437.341911
-32.475884,1000,19454.475908
232.20339,1000,19475.349237
234.42623,1000,19497.114519
267.647059,1000,19516.756087
255.932203,1000,19537.514803
263.970588,1000,19601.718878
171.186441,1000,19622.270733
228.621908,1000,19642.249042
60.0,1000,19663.476792
255.805243,1000,19684.061298
234.558824,1000,19704.693942
46.520147,1000,19768.795823
189.473684,1000,19788.498309
216.363636,1000,19809.092704
175.510204,1000,19829.911313
205.263158,1000,19850.042031
192.929293,1000,19870.731351
35.294118,1000,19891.373206
256.890459,1000,19955.956139
153.968254,1000,19977.109809
236.032389,1000,19997.239299
205.454545,1000,20018.392677
150.0,1000,20038.506493
138.095238,1000,20060.279258
52.380952,1000,20127.361068
223.741007,1000,20148.689392
137.341772,1000,20170.21047
38.408304,1000,20190.330802
174.924471,1000,20210.743477
-33.993399,1000,20232.473824
46.067416,1000,20299.089966
174.576271,1000,20320.261689
35.231317,1000,20341.129136
58.995816,1000,20362.532431
-37.313433,1000,20384.086017
75.510204,1000,20404.347631
156.055363,1000,20471.525168
203.886926,1000,20492.767426
10.0,1000,20513.892291
31.756757,1000,20535.760973
236.996337,1000,20557.911729
241.549296,1000,20578.19509
-80.769231,1000,20599.479617
192.592593,1000,20661.066082
72.161172,1000,20681.620059
154.180602,1000,20702.099302
127.963526,1000,20722.603485
202.250804,1000,20743.007812
30.563798,1000,20764.600621
180.405405,1000,20828.924625
76.923077,1000,20848.812934
195.597484,1000,20870.984379
198.360656,1000,20891.218255
247.266881,1000,20912.419137
42.372881,1000,20934.444922
57.377049,1000,21002.802333
167.657993,1000,21026.339717
-31.271478,1000,21046.578417
196.819788,1000,21067.005664
186.764706,1000,21088.926575
162.626263,1000,21109.7781
218.032787,1000,21179.563535
75.182482,1000,21200.807998
145.098039,1000,21221.116632
239.622642,1000,21241.213152
166.423358,1000,21260.97016
191.09589,1000,21281.746581
150.0,1000,21303.181142
153.04878,1000,21369.995501
42.405063,1000,21391.180268
151.798561,1000,21412.32706
31.274131,1000,21433.945704
171.126761,1000,21453.949154
199.651568,1000,21473.981959
137.804878,1000,21539.17375
181.456954,1000,21561.565412
223.193916,1000,21584.482674
76.470588,1000,21606.099683
177.580071,1000,21628.818202
188.135593,1000,21650.070408
258.108108,1000,21715.861464
75.298805,1000,21736.652099
216.725979,1000,21757.763663
330.71161,1000,21778.104247
106.997085,1000,21798.200757
200.653595,1000,21816.698592
188.02589,1000,21883.137978
207.692308,1000,21903.457703
15.646259,1000,21925.557278
176.190476,1000,21946.44346
14.285714,1000,21966.014873
37.795276,1000,21986.372394
64.086687,1000,22006.926895
176.190476,1000,22071.456745
201.369863,1000,22091.576583
228.025478,1000,22112.217838
263.636364,1000,22133.4885
159.515571,1000,22154.129822
216.326531,1000,22174.705751
234.558824,1000,22240.943404
50.18315,1000,22262.523947
177.580071,1000,22282.834578
244.370861,1000,22304.153495
184.671533,1000,22324.593821
126.086957,1000,22345.650298
156.329114,1000,22411.131733
302.684564,1000,22430.913199
207.984791,1000,22451.620548
59.695817,1000,22471.09601
66.666667,1000,22490.525786
68.032787,1000,22512.26287
85.344828,1000,22577.315881
202.547771,1000,22597.67225
70.37037,1000,22618.19074
194.314381,1000,22638.205773
55.797101,1000,22658.488164
187.719298,1000,22679.300112
224.909747,1000,22700.851515
28.404669,1000,22766.743111
266.782007,1000,22787.412286
156.024096,1000,22808.064642
180.597015,1000,22829.561289
42.322097,1000,22849.9109
154.237288,1000,22872.040481
232.191781,1000,22935.981406
250.515464,1000,22956.812923
51.408451,1000,22977.968189
290.47619,1000,22998.203881
220.819113,1000,23016.071156
28.0,1000,23039.536015
42.857143,1000,23106.672365
189.377289,1000,23129.548335
252.238806,1000,23152.353383
42.857143,1000,23172.567624
29.568106,1000,23193.580454
182.527881,1000,23214.662952
200.0,1000,23280.922487
381.060606,1000,23303.040768
138.390093,1000,23324.853694
181.15016,1000,23346.090023
368.965517,1000,23367.509163
234.507042,1000,23388.455483
329.906542,1000,23409.776651
276.811594,1000,23474.459177
236.879433,1000,23495.601968
302.684564,1000,23517.037243
304.109589,1000,23538.264556
34.751773,1000,23558.893836
209.9631,1000,23580.487606
53.846154,1000,23645.107567
176.872964,1000,23665.673363
170.462633,1000,23687.069443
93.675889,1000,23707.444049
320.062696,1000,23728.54627
244.262295,1000,23750.035434
299.328859,1000,23814.886046
269.863014,1000,23836.554719
54.385965,1000,23857.431751
60.714286,1000,23877.646143
224.137931,1000,23898.571518
55.30303,1000,23919.019512
50.0,1000,23984.064419
129.452055,1000,24005.659056
175.167785,1000,24025.89473
187.925697,1000,24045.916748
197.297297,1000,24066.983942
167.148014,1000,24087.104383
180.528053,1000,24108.521546
186.206897,1000,24174.193048
203.333333,1000,24194.50645
227.338129,1000,24215.334194
175.862069,1000,24233.407724
132.55814,1000,24253.623355
118.75,1000,24274.18746
33.72093,1000,24338.312129
48.01444,1000,24358.049977
169.10299,1000,24378.801987
-31.740614,1000,24399.394137
112.765957,1000,24420.339713
324.242424,1000,24440.954286
182.685512,1000,24505.738643
48.550725,1000,24526.742016
57.718121,1000,24547.115408
52.091255,1000,24567.661416
321.052632,1000,24588.551198
158.899676,1000,24609.347939
141.27907,1000,24676.475741
185.234899,1000,24697.057913
217.689531,1000,24717.198823
204.964539,1000,24740.620336
71.755725,1000,24760.502478
216.831683,1000,24783.394087
131.270358,1000,24805.851413
200.699301,1000,24873.76959
129.411765,1000,24895.344109
29.032258,1000,24915.80763
217.152104,1000,24936.6206
137.5,1000,24958.390461
194.326241,1000,24980.038958
178.145695,1000,25046.556861
212.903226,1000,25067.511761
126.837061,1000,25088.010882
205.732484,1000,25108.876623
381.781377,1000,25128.999629
148.251748,1000,25149.451138
61.870504,1000,25216.583404
194.701987,1000,25237.412382
209.278351,1000,25258.213332
434.798535,1000,25278.872965
156.666667,1000,25299.107974
210.030395,1000,25320.050254
69.88417,1000,25390.796789
213.380282,1000,25411.722911
228.947368,1000,25433.694614
242.465753,1000,25455.685183
181.045752,1000,25481.733174
261.538462,1000,25503.275707
236.700337,1000,25524.659496
195.681063,1000,25591.319432
50.34965,1000,25613.420263
233.333333,1000,25634.075863
195.681063,1000,25654.780034
180.254777,1000,25675.635861
149.146758,1000,25697.49594
148.447205,1000,25762.984542
188.590604,1000,25782.931129
70.818505,1000,25802.686563
175.261324,1000,25822.66685
323.94822,1000,25842.306388
63.333333,1000,25862.525276
188.590604,1000,25924.507274
40.794224,1000,25944.005117
166.666667,1000,25965.40461
273.417722,1000,25985.329355
192.168675,1000,26006.827517
265.313653,1000,26027.987978
263.636364,1000,26093.189132
160.869565,1000,26114.118959
41.447368,1000,26134.558186
112.418301,1000,26154.545817
199.270073,1000,26175.09814
204.659498,1000,26195.121153
39.285714,1000,26215.926161
247.328244,1000,26284.486269
81.451613,1000,26304.738962
42.857143,1000,26325.933636
216.176471,1000,26347.325129
319.014085,1000,26368.359306
44.694534,1000,26389.864951
169.230769,1000,26455.257713
219.620253,1000,26474.903097
160.869565,1000,26496.912543
420.14652,1000,26516.566304
246.863469,1000,26536.598291
152.459016,1000,26556.285219
263.076923,1000,26618.818826
68.350168,1000,26636.059946
22.377622,1000,26656.202204
336.619718,1000,26675.886342
234.519573,1000,26696.222224
80.505415,1000,26717.101815
287.900356,1000,26782.90849
175.316456,1000,26805.789303
65.467626,1000,26828.32675
211.827957,1000,26849.854482
228.671329,1000,26873.677986
184.280936,1000,26896.493084
195.918367,1000,26918.02834
119.71831,1000,26984.745403
299.239544,1000,27006.900432
166.881029,1000,27027.199788
78.321678,1000,27048.293396
39.622642,1000,27068.361888
319.475655,1000,27089.041688
225.423729,1000,27155.986857
272.168285,1000,27176.936874
161.589404,1000,27198.059482
130.519481,1000,27219.544571
170.175439,1000,27239.757724
141.935484,1000,27260.838364
297.435897,1000,27326.702438
145.989305,1000,27347.15567
366.403162,1000,27367.705885
227.217125,1000,27388.142111
197.805643,1000,27409.18165
57.142857,1000,27430.107715
257.664234,1000,27494.613632
33.574007,1000,27515.247591
364.566929,1000,27536.175482
24.542125,1000,27555.551546
291.447368,1000,27576.851209
221.070234,1000,27597.180379
209.278351,1000,27617.19416
172.425249,1000,27681.053622
-32.432432,1000,27701.274382
32.492114,1000,27721.141648
62.629758,1000,27741.895602
155.892256,1000,27761.416995
189.56229,1000,27782.232303
249.673203,1000,27845.548129
-25.531915,1000,27866.120678
268.231047,1000,27886.293467
432.818533,1000,27906.7381
28.113879,1000,27926.397259
251.916376,1000,27946.447668
315.80756,1000,28011.429479
82.481752,1000,28032.238992
32.867133,1000,28052.596623
10.294118,1000,28072.668641
280.952381,1000,28092.928375
375.570033,1000,28114.600433
102.247191,1000,28181.391981
178.125,1000,28204.02579
155.255255,1000,28226.495599
177.227723,1000,28249.910929
168.221574,1000,28272.349738
339.102564,1000,28296.126746
172.084806,1000,28320.162281
